{"total_weighted_completion_time":21812.0,"deviation_from_earlier_plan":0.0,"total_tardiness":21016.0,"objective":231972.0,"gap":0.8972773459355493,"cpu_time":598.8590569496155,"n_jobs":50,"n_machines":12,"n_tasks":150,"increment":1}
