{"total_weighted_completion_time":22107.0,"deviation_from_earlier_plan":0.0,"total_tardiness":464.0,"objective":26747.0,"gap":0.11930309941301828,"cpu_time":599.0480601787567,"n_jobs":50,"n_machines":12,"n_tasks":150,"increment":1}
