{"total_weighted_completion_time":12960.0,"deviation_from_earlier_plan":0.0,"total_tardiness":0.0,"objective":12960.0,"gap":0.008641975309948233,"cpu_time":200.00865197181702,"n_jobs":16,"n_machines":12,"n_tasks":53,"increment":1}
