{"total_weighted_completion_time":21422.0,"deviation_from_earlier_plan":0.0,"total_tardiness":228.0,"objective":23702.0,"gap":0.4360175099256846,"cpu_time":600.0129010677338,"n_jobs":40,"n_machines":6,"n_tasks":119,"increment":2}
