{"total_weighted_completion_time":2843.8532961857277,"deviation_from_earlier_plan":0.0,"total_tardiness":13292.674747458479,"objective":136630.68575951306,"n_jobs":15,"n_machines":8,"n_tasks":44}
