{"total_weighted_completion_time":27818.0,"deviation_from_earlier_plan":0.0,"total_tardiness":0.0,"objective":27818.0,"gap":0.11235455855053274,"cpu_time":600.0240468978882,"n_jobs":40,"n_machines":6,"n_tasks":121,"increment":2}
