{"total_weighted_completion_time":16993.0,"deviation_from_earlier_plan":0.0,"total_tardiness":884.0,"objective":25833.0,"gap":0.1038981148143847,"cpu_time":598.3439972400665,"n_jobs":50,"n_machines":12,"n_tasks":144,"increment":2}
