{"total_weighted_completion_time":9520.0,"deviation_from_earlier_plan":0.0,"total_tardiness":32.0,"objective":9840.0,"gap":4.3780916041782185E-14,"cpu_time":3.2332279682159424,"n_jobs":16,"n_machines":12,"n_tasks":44,"increment":2}
