{"total_weighted_completion_time":17914.0,"deviation_from_earlier_plan":0.0,"total_tardiness":40388.0,"objective":421794.0,"gap":1.2030478507847214E-5,"cpu_time":32.96945595741272,"n_jobs":40,"n_machines":12,"n_tasks":121,"increment":5}
