{"total_weighted_completion_time":26673.0,"deviation_from_earlier_plan":0.0,"total_tardiness":13560.0,"objective":162273.0,"gap":0.8504776649448147,"cpu_time":597.7193620204926,"n_jobs":50,"n_machines":12,"n_tasks":150,"increment":2}
