{"total_weighted_completion_time":22174.0,"deviation_from_earlier_plan":0.0,"total_tardiness":1252.0,"objective":34694.0,"gap":0.32896178013489363,"cpu_time":598.2519133090973,"n_jobs":50,"n_machines":12,"n_tasks":150,"increment":2}
