{"total_weighted_completion_time":24682.0,"deviation_from_earlier_plan":0.0,"total_tardiness":1767.0,"objective":42352.0,"gap":0.5135530789573102,"cpu_time":598.3896043300629,"n_jobs":50,"n_machines":12,"n_tasks":155,"increment":2}
