{"total_weighted_completion_time":9023.0,"deviation_from_earlier_plan":0.0,"total_tardiness":5889.0,"objective":67913.0,"gap":8.834832800789246E-5,"cpu_time":49.309200048446655,"n_jobs":30,"n_machines":12,"n_tasks":95,"increment":2}
