{"total_weighted_completion_time":12624.0,"deviation_from_earlier_plan":0.0,"total_tardiness":660.0,"objective":19224.0,"gap":0.04543593941874744,"cpu_time":600.0854399204254,"n_jobs":40,"n_machines":12,"n_tasks":122,"increment":1}
