{"total_weighted_completion_time":13573.0,"deviation_from_earlier_plan":0.0,"total_tardiness":4127.0,"objective":54843.0,"gap":0.21326331528180442,"cpu_time":598.3786749839783,"n_jobs":40,"n_machines":12,"n_tasks":119,"increment":1}
