{"total_weighted_completion_time":31610.0,"deviation_from_earlier_plan":0.0,"total_tardiness":968.0,"objective":41290.0,"gap":0.013347206774066233,"cpu_time":600.0188999176025,"n_jobs":50,"n_machines":6,"n_tasks":146,"increment":5}
