{"total_weighted_completion_time":18311.0,"deviation_from_earlier_plan":0.0,"total_tardiness":18272.0,"objective":201031.0,"gap":0.42580338349012226,"cpu_time":600.0276100635529,"n_jobs":30,"n_machines":6,"n_tasks":93,"increment":1}
