{"total_weighted_completion_time":1686.363531492922,"deviation_from_earlier_plan":0.0,"total_tardiness":20.602863617159393,"objective":1882.7035193054917,"n_jobs":10,"n_machines":7,"n_tasks":31}
