{"total_weighted_completion_time":4874.99181660979,"deviation_from_earlier_plan":0.0,"total_tardiness":18047.26328022004,"objective":174862.40356124935,"n_jobs":15,"n_machines":10,"n_tasks":47}
