{"total_weighted_completion_time":22039.0,"deviation_from_earlier_plan":0.0,"total_tardiness":5640.0,"objective":78439.0,"gap":0.7412511633243667,"cpu_time":598.3411829471588,"n_jobs":50,"n_machines":12,"n_tasks":154,"increment":2}
