{"total_weighted_completion_time":18766.0,"deviation_from_earlier_plan":0.0,"total_tardiness":2242.0,"objective":41186.0,"gap":0.278905453309377,"cpu_time":599.0190916061401,"n_jobs":50,"n_machines":12,"n_tasks":155,"increment":1}
