{"total_weighted_completion_time":34508.0,"deviation_from_earlier_plan":0.0,"total_tardiness":225.0,"objective":36758.0,"gap":0.019134243908374655,"cpu_time":600.017520904541,"n_jobs":50,"n_machines":6,"n_tasks":150,"increment":5}
