{"total_weighted_completion_time":15936.0,"deviation_from_earlier_plan":0.0,"total_tardiness":0.0,"objective":15936.0,"gap":0.028237585199610515,"cpu_time":16.007726907730103,"n_jobs":16,"n_machines":6,"n_tasks":51,"increment":2}
