{"total_weighted_completion_time":30325.0,"deviation_from_earlier_plan":0.0,"total_tardiness":0.0,"objective":30325.0,"gap":0.06189122728579184,"cpu_time":600.0161302089691,"n_jobs":50,"n_machines":6,"n_tasks":146,"increment":2}
