{"total_weighted_completion_time":13759.0,"deviation_from_earlier_plan":0.0,"total_tardiness":5695.0,"objective":70709.0,"gap":0.1554051771700089,"cpu_time":600.0374767780304,"n_jobs":40,"n_machines":12,"n_tasks":119,"increment":2}
