{"total_weighted_completion_time":13073.0,"deviation_from_earlier_plan":0.0,"total_tardiness":13.0,"objective":13203.0,"gap":0.052185109444823144,"cpu_time":598.0181279182434,"n_jobs":30,"n_machines":6,"n_tasks":95,"increment":1}
