{"total_weighted_completion_time":22804.0,"deviation_from_earlier_plan":0.0,"total_tardiness":5922.0,"objective":82024.0,"gap":3.968726435686788E-5,"cpu_time":44.02782106399536,"n_jobs":50,"n_machines":12,"n_tasks":150,"increment":5}
