{"total_weighted_completion_time":28237.0,"deviation_from_earlier_plan":0.0,"total_tardiness":0.0,"objective":28237.0,"gap":0.060629670290753265,"cpu_time":598.5047919750214,"n_jobs":50,"n_machines":6,"n_tasks":155,"increment":2}
