{"total_weighted_completion_time":25509.0,"deviation_from_earlier_plan":0.0,"total_tardiness":375.0,"objective":29259.0,"gap":0.01480962006517883,"cpu_time":600.0094029903412,"n_jobs":40,"n_machines":6,"n_tasks":121,"increment":5}
