{"total_weighted_completion_time":16355.0,"deviation_from_earlier_plan":0.0,"total_tardiness":1.0,"objective":16365.0,"gap":0.04155209288114879,"cpu_time":598.0183482170105,"n_jobs":50,"n_machines":12,"n_tasks":154,"increment":1}
