{"total_weighted_completion_time":26532.0,"deviation_from_earlier_plan":0.0,"total_tardiness":0.0,"objective":26532.0,"gap":0.16495481435778317,"cpu_time":600.0143220424652,"n_jobs":50,"n_machines":12,"n_tasks":155,"increment":2}
