{"total_weighted_completion_time":19814.0,"deviation_from_earlier_plan":0.0,"total_tardiness":16527.0,"objective":185084.0,"gap":0.911562919606058,"cpu_time":600.0624911785126,"n_jobs":50,"n_machines":12,"n_tasks":154,"increment":1}
