{"total_weighted_completion_time":18717.0,"deviation_from_earlier_plan":0.0,"total_tardiness":574.0,"objective":24457.0,"gap":0.0034494814124227946,"cpu_time":600.0155851840973,"n_jobs":40,"n_machines":6,"n_tasks":122,"increment":2}
