{"total_weighted_completion_time":57212.0,"deviation_from_earlier_plan":0.0,"total_tardiness":2450164.0,"objective":2.4558852E7,"gap":0.9995594938572419,"cpu_time":600.0280978679657,"n_jobs":50,"n_machines":6,"n_tasks":146,"increment":1}
