{"total_weighted_completion_time":9740.0,"deviation_from_earlier_plan":0.0,"total_tardiness":14098.0,"objective":150720.0,"gap":9.952229299363058E-5,"cpu_time":187.12688612937927,"n_jobs":30,"n_machines":12,"n_tasks":92,"increment":1}
