{"total_weighted_completion_time":29318.0,"deviation_from_earlier_plan":0.0,"total_tardiness":0.0,"objective":29318.0,"gap":0.16574065891888937,"cpu_time":600.0252289772034,"n_jobs":50,"n_machines":6,"n_tasks":155,"increment":2}
