{"total_weighted_completion_time":28594.0,"deviation_from_earlier_plan":0.0,"total_tardiness":8016.0,"objective":108754.0,"gap":0.5964847355494476,"cpu_time":600.0228848457336,"n_jobs":40,"n_machines":6,"n_tasks":121,"increment":2}
