instance,#jobs,#machines,increment,#Varibles,final time point,Before Tune Weighted Completion Time,Before Tune Total Deviation,Before Tune Weighted Total Tardiness,After Tune Weighted Completion Time,After Tune Total Deviation,After Tune Weighted Total Tardiness,Before Tune Objective Value,After Tune Objective,After Tune Gap,Low Cpu Time,Medium Cpu Time,High Cpu Time,Tune Cpu Time
1.0,20.0,6.0,1.0,0.0,170.0,6849.666666666667,0.0,7609.333333333333,6811.666666666667,0.0,7574.666666666667,82943.0,82558.33333333333,0.0,0.20071233333333335,0.19633033333333336,0.36120966666666665,20.831969
1.0,20.0,6.0,2.0,0.0,170.0,6874.333333333333,0.0,7776.0,6811.666666666667,0.0,7574.666666666667,84634.33333333333,82558.33333333333,0.0,0.069531,0.11652533333333333,0.129395,21.941358333333337
1.0,30.0,6.0,1.0,0.0,244.33333333333334,14012.0,0.0,5460.333333333333,13792.333333333334,0.0,5287.0,68615.33333333333,66662.33333333333,0.004141,1.1198046666666668,1.221271,6.849931333333333,589.3512316666666
1.0,30.0,6.0,2.0,0.0,244.33333333333334,14366.0,0.0,5597.333333333333,13809.333333333334,0.0,5287.0,70339.33333333333,66679.33333333333,0.053519333333333335,0.486529,0.4739343333333334,1.9531803333333333,595.6799813333333
1.0,40.0,6.0,1.0,0.0,326.6666666666667,23154.666666666668,0.0,1302.3333333333333,22171.666666666668,0.0,1252.6666666666667,36178.0,34698.333333333336,0.0767,5.542205666666667,4.247316666666666,39.88259166666667,549.3527766666666
1.0,40.0,6.0,2.0,0.0,326.6666666666667,23468.0,0.0,1561.0,22448.0,0.0,1467.3333333333333,39078.0,37121.333333333336,0.12243066666666667,1.231135,0.963297,16.488957666666668,580.0222053333333
1.0,50.0,6.0,1.0,0.0,447.3333333333333,31228.666666666668,0.0,760.6666666666666,30741.0,0.0,697.3333333333334,38835.333333333336,37714.333333333336,0.13721433333333335,123.524381,152.31801166666665,178.70164499999998,144.67479333333333
1.0,50.0,6.0,2.0,0.0,447.3333333333333,31812.0,0.0,814.3333333333334,30317.0,0.0,700.3333333333334,39955.333333333336,37320.333333333336,0.101591,9.616180333333332,21.09838566666667,93.16136533333334,474.67889066666663
