{"total_weighted_completion_time":30636.0,"deviation_from_earlier_plan":0.0,"total_tardiness":569.0,"objective":36326.0,"gap":0.021357466063348415,"cpu_time":600.0126390457153,"n_jobs":50,"n_machines":6,"n_tasks":155,"increment":5}
