{"total_weighted_completion_time":18213.0,"deviation_from_earlier_plan":0.0,"total_tardiness":2377.0,"objective":41983.0,"gap":0.06123907295810209,"cpu_time":599.0774283409119,"n_jobs":50,"n_machines":12,"n_tasks":146,"increment":2}
