{"total_weighted_completion_time":29336.0,"deviation_from_earlier_plan":0.0,"total_tardiness":1014556.0,"objective":1.0174896E7,"gap":0.9995963203863755,"cpu_time":600.0186030864716,"n_jobs":30,"n_machines":6,"n_tasks":95,"increment":1}
