{"total_weighted_completion_time":19791.0,"deviation_from_earlier_plan":0.0,"total_tardiness":36897.0,"objective":388761.0,"gap":0.8653899238180888,"cpu_time":600.0174069404602,"n_jobs":50,"n_machines":12,"n_tasks":146,"increment":2}
