{"total_weighted_completion_time":7740.0,"deviation_from_earlier_plan":0.0,"total_tardiness":14648.0,"objective":154220.0,"gap":9.077940604331474E-5,"cpu_time":8.26906681060791,"n_jobs":20,"n_machines":6,"n_tasks":55,"increment":2}
