{"total_weighted_completion_time":17741.0,"deviation_from_earlier_plan":0.0,"total_tardiness":23993.0,"objective":257671.0,"gap":0.1632316684567037,"cpu_time":598.5496389865875,"n_jobs":40,"n_machines":12,"n_tasks":121,"increment":1}
