{"total_weighted_completion_time":12978.0,"deviation_from_earlier_plan":0.0,"total_tardiness":364.0,"objective":16618.0,"gap":0.2671199903718859,"cpu_time":599.0981619358063,"n_jobs":40,"n_machines":12,"n_tasks":122,"increment":1}
