{"total_weighted_completion_time":17872.0,"deviation_from_earlier_plan":0.0,"total_tardiness":4.0,"objective":17912.0,"gap":0.1280080479801608,"cpu_time":600.0533969402313,"n_jobs":40,"n_machines":12,"n_tasks":121,"increment":1}
