{"total_weighted_completion_time":8995.0,"deviation_from_earlier_plan":0.0,"total_tardiness":23301.0,"objective":242005.0,"gap":9.612279109826056E-5,"cpu_time":15.355714797973633,"n_jobs":30,"n_machines":12,"n_tasks":82,"increment":2}
