{"total_weighted_completion_time":12512.0,"deviation_from_earlier_plan":0.0,"total_tardiness":624.0,"objective":18752.0,"gap":0.0035196245733788395,"cpu_time":599.2221319675446,"n_jobs":40,"n_machines":12,"n_tasks":122,"increment":2}
