{"total_weighted_completion_time":15427.0,"deviation_from_earlier_plan":0.0,"total_tardiness":215957.0,"objective":2174997.0,"gap":0.9877498171618432,"cpu_time":600.0038170814514,"n_jobs":40,"n_machines":12,"n_tasks":119,"increment":1}
