{"total_weighted_completion_time":37609.0,"deviation_from_earlier_plan":0.0,"total_tardiness":0.0,"objective":37609.0,"gap":0.12674215470262398,"cpu_time":600.0213198661804,"n_jobs":50,"n_machines":6,"n_tasks":150,"increment":2}
