{"total_weighted_completion_time":17708.0,"deviation_from_earlier_plan":0.0,"total_tardiness":11840.0,"objective":136108.0,"gap":8.081817380315632E-4,"cpu_time":598.4474439620972,"n_jobs":30,"n_machines":6,"n_tasks":93,"increment":1}
