{"total_weighted_completion_time":35101.0,"deviation_from_earlier_plan":0.0,"total_tardiness":0.0,"objective":35101.0,"gap":0.08134461553292757,"cpu_time":600.0513970851898,"n_jobs":50,"n_machines":6,"n_tasks":150,"increment":1}
