{"total_weighted_completion_time":29217.0,"deviation_from_earlier_plan":0.0,"total_tardiness":405.0,"objective":33267.0,"gap":0.019346642468239566,"cpu_time":600.0135400295258,"n_jobs":50,"n_machines":6,"n_tasks":144,"increment":5}
