{"total_weighted_completion_time":7732.0,"deviation_from_earlier_plan":0.0,"total_tardiness":703.0,"objective":14762.0,"gap":0.03468364720227612,"cpu_time":598.3223407268524,"n_jobs":30,"n_machines":12,"n_tasks":93,"increment":1}
