{"total_weighted_completion_time":15440.0,"deviation_from_earlier_plan":0.0,"total_tardiness":0.0,"objective":15440.0,"gap":0.014507772020725389,"cpu_time":16.005631923675537,"n_jobs":16,"n_machines":6,"n_tasks":47,"increment":1}
