{"total_weighted_completion_time":4903.0,"deviation_from_earlier_plan":0.0,"total_tardiness":5286.0,"objective":57763.0,"gap":0.9458990677550523,"cpu_time":16.006889820098877,"n_jobs":18,"n_machines":6,"n_tasks":57,"increment":1}
