{"total_weighted_completion_time":17775.0,"deviation_from_earlier_plan":0.0,"total_tardiness":23997.0,"objective":257745.0,"gap":0.1634719092238736,"cpu_time":599.1769893169403,"n_jobs":40,"n_machines":12,"n_tasks":121,"increment":1}
