{"total_weighted_completion_time":21270.0,"deviation_from_earlier_plan":0.0,"total_tardiness":0.0,"objective":21270.0,"gap":0.08025387870239774,"cpu_time":599.1529846191406,"n_jobs":40,"n_machines":6,"n_tasks":119,"increment":2}
