{"total_weighted_completion_time":8916.0,"deviation_from_earlier_plan":0.0,"total_tardiness":21016.0,"objective":219076.0,"gap":3.6972964092199924E-5,"cpu_time":87.99728608131409,"n_jobs":30,"n_machines":12,"n_tasks":82,"increment":1}
