{"total_weighted_completion_time":21868.0,"deviation_from_earlier_plan":0.0,"total_tardiness":1133.0,"objective":33198.0,"gap":0.0010945273631840797,"cpu_time":600.0129089355469,"n_jobs":50,"n_machines":12,"n_tasks":150,"increment":5}
