{"total_weighted_completion_time":25864.0,"deviation_from_earlier_plan":0.0,"total_tardiness":3508.0,"objective":60944.0,"gap":0.014993646759847523,"cpu_time":600.0125319957733,"n_jobs":50,"n_machines":12,"n_tasks":150,"increment":5}
