{"total_weighted_completion_time":16153.0,"deviation_from_earlier_plan":0.0,"total_tardiness":52608.0,"objective":542233.0,"gap":8.185918582853776E-5,"cpu_time":5.155433893203735,"n_jobs":40,"n_machines":12,"n_tasks":118,"increment":5}
