{"total_weighted_completion_time":31418.0,"deviation_from_earlier_plan":0.0,"total_tardiness":986017.0,"objective":9891588.0,"gap":0.9988721981544777,"cpu_time":600.0127129554749,"n_jobs":50,"n_machines":12,"n_tasks":150,"increment":1}
