{"total_weighted_completion_time":19518.0,"deviation_from_earlier_plan":0.0,"total_tardiness":2384.0,"objective":43358.0,"gap":0.04589695096637299,"cpu_time":598.3623721599579,"n_jobs":40,"n_machines":12,"n_tasks":118,"increment":2}
