{"total_weighted_completion_time":18243.0,"deviation_from_earlier_plan":0.0,"total_tardiness":13301.0,"objective":151253.0,"gap":9.01620340554883E-5,"cpu_time":8.587697982788086,"n_jobs":30,"n_machines":6,"n_tasks":93,"increment":5}
