{"total_weighted_completion_time":17474.0,"deviation_from_earlier_plan":0.0,"total_tardiness":20513.0,"objective":222604.0,"gap":0.9566094125797517,"cpu_time":600.0252690315247,"n_jobs":50,"n_machines":12,"n_tasks":154,"increment":1}
