{"total_weighted_completion_time":16868.0,"deviation_from_earlier_plan":0.0,"total_tardiness":1274.0,"objective":29608.0,"gap":0.006876420893092705,"cpu_time":600.0141849517822,"n_jobs":50,"n_machines":12,"n_tasks":144,"increment":2}
