{"total_weighted_completion_time":16785.0,"deviation_from_earlier_plan":0.0,"total_tardiness":800.0,"objective":24785.0,"gap":0.01775267298769417,"cpu_time":598.0395131111145,"n_jobs":50,"n_machines":12,"n_tasks":144,"increment":1}
