{"total_weighted_completion_time":18816.0,"deviation_from_earlier_plan":0.0,"total_tardiness":115791.0,"objective":1176726.0,"gap":0.8565912992614699,"cpu_time":600.0070068836212,"n_jobs":40,"n_machines":12,"n_tasks":121,"increment":1}
