{"total_weighted_completion_time":1985.2461737738417,"deviation_from_earlier_plan":0.0,"total_tardiness":5580.731494295727,"objective":57158.925480026955,"n_jobs":10,"n_machines":8,"n_tasks":30}
