{"total_weighted_completion_time":23643.0,"deviation_from_earlier_plan":0.0,"total_tardiness":5115.0,"objective":74793.0,"gap":0.7903032159727189,"cpu_time":600.0130031108856,"n_jobs":50,"n_machines":12,"n_tasks":155,"increment":1}
