{"total_weighted_completion_time":12974.0,"deviation_from_earlier_plan":0.0,"total_tardiness":130.0,"objective":14274.0,"gap":0.02704217458315819,"cpu_time":598.4927771091461,"n_jobs":30,"n_machines":6,"n_tasks":92,"increment":2}
