{"total_weighted_completion_time":13134.0,"deviation_from_earlier_plan":0.0,"total_tardiness":6059.0,"objective":73724.0,"gap":0.431324941674353,"cpu_time":598.8507330417633,"n_jobs":40,"n_machines":12,"n_tasks":119,"increment":2}
