{"total_weighted_completion_time":8849.0,"deviation_from_earlier_plan":0.0,"total_tardiness":15384.0,"objective":162689.0,"gap":1.84400912041043E-5,"cpu_time":59.34405207633972,"n_jobs":20,"n_machines":6,"n_tasks":63,"increment":1}
