{"total_weighted_completion_time":18472.0,"deviation_from_earlier_plan":0.0,"total_tardiness":574.0,"objective":24212.0,"gap":0.02069221873451181,"cpu_time":599.3312880992889,"n_jobs":40,"n_machines":6,"n_tasks":122,"increment":1}
