{"total_weighted_completion_time":9617.0,"deviation_from_earlier_plan":0.0,"total_tardiness":13765.0,"objective":147267.0,"gap":8.783912447766134E-5,"cpu_time":54.55764198303223,"n_jobs":30,"n_machines":12,"n_tasks":92,"increment":1}
