{"total_weighted_completion_time":28341.0,"deviation_from_earlier_plan":0.0,"total_tardiness":19189.0,"objective":220231.0,"gap":0.9889917024375551,"cpu_time":600.0694630146027,"n_jobs":50,"n_machines":12,"n_tasks":150,"increment":1}
