{"total_weighted_completion_time":27756.0,"deviation_from_earlier_plan":0.0,"total_tardiness":163003.0,"objective":1657786.0,"gap":0.9920711728172232,"cpu_time":600.1188991069794,"n_jobs":50,"n_machines":12,"n_tasks":150,"increment":1}
