{"total_weighted_completion_time":13696.0,"deviation_from_earlier_plan":0.0,"total_tardiness":0.0,"objective":13696.0,"gap":0.036214953271028034,"cpu_time":16.00848913192749,"n_jobs":16,"n_machines":6,"n_tasks":48,"increment":1}
