{"total_weighted_completion_time":8918.0,"deviation_from_earlier_plan":0.0,"total_tardiness":21016.0,"objective":219078.0,"gap":4.8975506640168754E-5,"cpu_time":70.09680008888245,"n_jobs":30,"n_machines":12,"n_tasks":82,"increment":1}
