{"total_weighted_completion_time":11635.0,"deviation_from_earlier_plan":0.0,"total_tardiness":26233.0,"objective":273965.0,"gap":0.1149145906195575,"cpu_time":598.4133131504059,"n_jobs":30,"n_machines":12,"n_tasks":93,"increment":1}
