{"total_weighted_completion_time":27715.0,"deviation_from_earlier_plan":0.0,"total_tardiness":3428.0,"objective":61995.0,"gap":0.31904185821437214,"cpu_time":598.3852784633636,"n_jobs":40,"n_machines":6,"n_tasks":121,"increment":2}
