{"total_weighted_completion_time":7760.0,"deviation_from_earlier_plan":0.0,"total_tardiness":719.0,"objective":14950.0,"gap":0.07658806686106116,"cpu_time":598.3574073314667,"n_jobs":30,"n_machines":12,"n_tasks":93,"increment":2}
