{"total_weighted_completion_time":28345.0,"deviation_from_earlier_plan":0.0,"total_tardiness":0.0,"objective":28345.0,"gap":0.05069677191744576,"cpu_time":598.1927695274353,"n_jobs":50,"n_machines":6,"n_tasks":144,"increment":2}
