{"total_weighted_completion_time":1551.4052421252259,"deviation_from_earlier_plan":0.0,"total_tardiness":11.631689375797565,"objective":1564.1516228972346,"n_jobs":5,"n_machines":7,"n_tasks":16}
