{"total_weighted_completion_time":17861.0,"deviation_from_earlier_plan":0.0,"total_tardiness":2556.0,"objective":43421.0,"gap":0.0977176942032657,"cpu_time":598.9207050800323,"n_jobs":50,"n_machines":12,"n_tasks":146,"increment":1}
