instance,#jobs,#machines,increment,#Varibles,final time point,Before Tune Weighted Completion Time,Before Tune Total Deviation,Before Tune Weighted Total Tardiness,After Tune Weighted Completion Time,After Tune Total Deviation,After Tune Weighted Total Tardiness,Before Tune Objective Value,After Tune Objective,After Tune Gap,Low Cpu Time,Medium Cpu Time,High Cpu Time,Tune Cpu Time,Low Total Weighted Completion Time,Medium Total Weighted Completion Time,High Total Weighted Completion Time,Low Total Weighted Tardiness,Medium Total Weighted Tardiness,High Total Weighted Tardiness
0,40,6,1,0,345,27899.000000,0.000000,2784.000000,26910.000000,0.000000,2784.000000,55739.000000,54750.000000,0.189954,4.649868,5.390998,84.746819,504.022988,3291.000000,8176.000000,16432.000000,0.000000,0.000000,2784.000000
0,40,12,1,0,175,17791.000000,0.000000,24006.000000,17775.000000,0.000000,23997.000000,257851.000000,257745.000000,0.163472,1.312846,1.980140,69.880294,526.003709,1759.000000,4704.000000,11328.000000,154.000000,572.000000,23280.000000
0,40,6,2,0,345,28410.000000,0.000000,3524.000000,27715.000000,0.000000,3428.000000,63650.000000,61995.000000,0.319042,1.432521,0.547452,42.387076,554.018229,3354.000000,8208.000000,16848.000000,0.000000,100.000000,3424.000000
0,40,12,2,0,175,17332.000000,0.000000,25580.000000,17191.000000,0.000000,25282.000000,273132.000000,270011.000000,0.198093,0.841612,0.271610,19.313789,578.006965,1764.000000,4688.000000,10880.000000,4.000000,1016.000000,24560.000000
0,50,6,1,0,487,34555.000000,0.000000,0.000000,34196.000000,0.000000,0.000000,34555.000000,34196.000000,0.049304,158.423233,172.115448,200.008897,68.010502,4827.000000,10816.000000,18912.000000,0.000000,0.000000,0.000000
0,50,12,1,0,247,22360.000000,0.000000,464.000000,22107.000000,0.000000,464.000000,27000.000000,26747.000000,0.119303,7.761259,6.315621,53.950739,531.020441,2548.000000,6132.000000,13680.000000,0.000000,0.000000,464.000000
0,50,6,2,0,487,35118.000000,0.000000,0.000000,34453.000000,0.000000,0.000000,35118.000000,34453.000000,0.051665,8.130904,3.305477,200.006815,387.012895,4922.000000,11236.000000,18960.000000,0.000000,0.000000,0.000000
0,50,12,2,0,247,22930.000000,0.000000,1300.000000,22174.000000,0.000000,1252.000000,35930.000000,34694.000000,0.328962,1.677033,2.046300,15.508608,579.019972,2618.000000,6424.000000,13888.000000,0.000000,36.000000,1264.000000
