{"total_weighted_completion_time":13185.0,"deviation_from_earlier_plan":0.0,"total_tardiness":11.0,"objective":13295.0,"gap":0.08415915915915916,"cpu_time":600.0257918834686,"n_jobs":40,"n_machines":12,"n_tasks":122,"increment":1}
