{"total_weighted_completion_time":9617.0,"deviation_from_earlier_plan":0.0,"total_tardiness":13765.0,"objective":147267.0,"gap":9.506542538382666E-5,"cpu_time":115.59685730934143,"n_jobs":30,"n_machines":12,"n_tasks":92,"increment":2}
