{"total_weighted_completion_time":17914.0,"deviation_from_earlier_plan":0.0,"total_tardiness":3386.0,"objective":51774.0,"gap":1.5755971513203504E-5,"cpu_time":358.4561038017273,"n_jobs":40,"n_machines":12,"n_tasks":118,"increment":2}
