{"total_weighted_completion_time":8800.0,"deviation_from_earlier_plan":0.0,"total_tardiness":0.0,"objective":8800.0,"gap":0.005454545454545455,"cpu_time":200.00972509384155,"n_jobs":16,"n_machines":12,"n_tasks":48,"increment":1}
