{"total_weighted_completion_time":2435.0,"deviation_from_earlier_plan":0.0,"total_tardiness":13458.0,"objective":137015.0,"gap":1.3153481397688933E-5,"cpu_time":46.685410022735596,"n_jobs":18,"n_machines":12,"n_tasks":55,"increment":1}
