{"total_weighted_completion_time":5292.0,"deviation_from_earlier_plan":0.0,"total_tardiness":11076.0,"objective":116052.0,"gap":6.441016392386718E-5,"cpu_time":5.384330987930298,"n_jobs":16,"n_machines":12,"n_tasks":51,"increment":1}
