{"total_weighted_completion_time":22085.0,"deviation_from_earlier_plan":0.0,"total_tardiness":8555.0,"objective":107635.0,"gap":0.8143047620921839,"cpu_time":599.1014790534973,"n_jobs":50,"n_machines":12,"n_tasks":154,"increment":1}
