{"total_weighted_completion_time":32971.0,"deviation_from_earlier_plan":0.0,"total_tardiness":479434.0,"objective":4827311.0,"gap":0.9946588664787688,"cpu_time":600.026340007782,"n_jobs":40,"n_machines":6,"n_tasks":121,"increment":1}
