{"total_weighted_completion_time":22487.0,"deviation_from_earlier_plan":0.0,"total_tardiness":1300.0,"objective":35487.0,"gap":0.42801641745273833,"cpu_time":46.3520610332489,"n_jobs":50,"n_machines":12,"n_tasks":150,"increment":2}
