{"total_weighted_completion_time":27884.0,"deviation_from_earlier_plan":0.0,"total_tardiness":2171.0,"objective":49594.0,"gap":0.18238369559955464,"cpu_time":600.0112340450287,"n_jobs":50,"n_machines":6,"n_tasks":154,"increment":2}
