{"total_weighted_completion_time":21192.0,"deviation_from_earlier_plan":0.0,"total_tardiness":16233.0,"objective":183522.0,"gap":0.9030520448046221,"cpu_time":600.0276091098785,"n_jobs":40,"n_machines":6,"n_tasks":119,"increment":1}
