{"total_weighted_completion_time":13073.0,"deviation_from_earlier_plan":0.0,"total_tardiness":13.0,"objective":13203.0,"gap":0.04658032265394228,"cpu_time":598.9087281227112,"n_jobs":30,"n_machines":6,"n_tasks":95,"increment":2}
