{"total_weighted_completion_time":10695.0,"deviation_from_earlier_plan":0.0,"total_tardiness":3891.0,"objective":49605.0,"gap":0.002157040620905151,"cpu_time":598.4088990688324,"n_jobs":30,"n_machines":6,"n_tasks":93,"increment":1}
