{"total_weighted_completion_time":11652.0,"deviation_from_earlier_plan":0.0,"total_tardiness":26254.0,"objective":274192.0,"gap":0.10148877831503926,"cpu_time":598.1817498207092,"n_jobs":30,"n_machines":12,"n_tasks":93,"increment":2}
