{"total_weighted_completion_time":29083.0,"deviation_from_earlier_plan":0.0,"total_tardiness":45.0,"objective":29533.0,"gap":0.09804909850586505,"cpu_time":46.36875605583191,"n_jobs":50,"n_machines":6,"n_tasks":144,"increment":2}
