{"total_weighted_completion_time":14448.0,"deviation_from_earlier_plan":0.0,"total_tardiness":0.0,"objective":14448.0,"gap":0.022532188841201718,"cpu_time":16.006191968917847,"n_jobs":16,"n_machines":6,"n_tasks":44,"increment":2}
