{"total_weighted_completion_time":21133.0,"deviation_from_earlier_plan":0.0,"total_tardiness":400.0,"objective":25133.0,"gap":0.019655433095929653,"cpu_time":598.7315621376038,"n_jobs":40,"n_machines":6,"n_tasks":118,"increment":1}
