{"total_weighted_completion_time":21183.0,"deviation_from_earlier_plan":0.0,"total_tardiness":858.0,"objective":29763.0,"gap":0.3373092926490985,"cpu_time":600.0136110782623,"n_jobs":50,"n_machines":12,"n_tasks":154,"increment":2}
