{"total_weighted_completion_time":21254.0,"deviation_from_earlier_plan":0.0,"total_tardiness":784.0,"objective":29094.0,"gap":4.9888996981715684E-5,"cpu_time":448.7071969509125,"n_jobs":40,"n_machines":6,"n_tasks":118,"increment":2}
