{"total_weighted_completion_time":14728.0,"deviation_from_earlier_plan":0.0,"total_tardiness":727.0,"objective":21998.0,"gap":0.4446767887989817,"cpu_time":599.7118346691132,"n_jobs":40,"n_machines":12,"n_tasks":122,"increment":2}
