{"total_weighted_completion_time":13026.0,"deviation_from_earlier_plan":0.0,"total_tardiness":900.0,"objective":22026.0,"gap":0.3815598329398947,"cpu_time":600.0174670219421,"n_jobs":30,"n_machines":6,"n_tasks":92,"increment":1}
