{"total_weighted_completion_time":19175.0,"deviation_from_earlier_plan":0.0,"total_tardiness":3012.0,"objective":49295.0,"gap":0.20732463522354816,"cpu_time":600.0243299007416,"n_jobs":50,"n_machines":12,"n_tasks":155,"increment":2}
