{"total_weighted_completion_time":7815.0,"deviation_from_earlier_plan":0.0,"total_tardiness":19257.0,"objective":200385.0,"gap":6.306522205264685E-5,"cpu_time":0.7695868015289307,"n_jobs":20,"n_machines":6,"n_tasks":55,"increment":5}
