{"total_weighted_completion_time":14347.0,"deviation_from_earlier_plan":0.0,"total_tardiness":12189.0,"objective":136237.0,"gap":8.808179863032803E-5,"cpu_time":129.45791101455688,"n_jobs":30,"n_machines":6,"n_tasks":82,"increment":2}
