{"total_weighted_completion_time":10744.0,"deviation_from_earlier_plan":0.0,"total_tardiness":3891.0,"objective":49654.0,"gap":0.13298022314415758,"cpu_time":599.4211807250977,"n_jobs":30,"n_machines":6,"n_tasks":93,"increment":2}
