{"total_weighted_completion_time":9379.0,"deviation_from_earlier_plan":0.0,"total_tardiness":27362.0,"objective":282999.0,"gap":7.369196757553427E-5,"cpu_time":1.8115501403808594,"n_jobs":30,"n_machines":12,"n_tasks":95,"increment":5}
