{"total_weighted_completion_time":2337.959876689291,"deviation_from_earlier_plan":0.0,"total_tardiness":2325.311123477186,"objective":25779.380276370033,"n_jobs":10,"n_machines":10,"n_tasks":35}
