{"total_weighted_completion_time":21084.0,"deviation_from_earlier_plan":0.0,"total_tardiness":400.0,"objective":25084.0,"gap":0.017820124382076225,"cpu_time":598.7165231704712,"n_jobs":40,"n_machines":6,"n_tasks":118,"increment":2}
