{"total_weighted_completion_time":29705.0,"deviation_from_earlier_plan":0.0,"total_tardiness":0.0,"objective":29705.0,"gap":0.06106716041070527,"cpu_time":599.9269309043884,"n_jobs":50,"n_machines":6,"n_tasks":146,"increment":1}
