{"total_weighted_completion_time":18912.0,"deviation_from_earlier_plan":0.0,"total_tardiness":0.0,"objective":18912.0,"gap":0.02707275803722504,"cpu_time":200.00889706611633,"n_jobs":16,"n_machines":6,"n_tasks":53,"increment":1}
