{"total_weighted_completion_time":34196.0,"deviation_from_earlier_plan":0.0,"total_tardiness":0.0,"objective":34196.0,"gap":0.049304012165165514,"cpu_time":598.5580797195435,"n_jobs":50,"n_machines":6,"n_tasks":150,"increment":1}
