{"total_weighted_completion_time":6080.0,"deviation_from_earlier_plan":0.0,"total_tardiness":40889.0,"objective":414970.0,"gap":8.08250456316714E-5,"cpu_time":12.628075361251831,"n_jobs":20,"n_machines":12,"n_tasks":63,"increment":1}
