{"total_weighted_completion_time":4000.0,"deviation_from_earlier_plan":0.0,"total_tardiness":15384.0,"objective":157840.0,"gap":2.358379321730107E-5,"cpu_time":1.1178638935089111,"n_jobs":13,"n_machines":12,"n_tasks":38,"increment":1}
