{"total_weighted_completion_time":17880.0,"deviation_from_earlier_plan":0.0,"total_tardiness":3004.0,"objective":47920.0,"gap":0.17297579298831386,"cpu_time":598.1074798107147,"n_jobs":40,"n_machines":12,"n_tasks":118,"increment":1}
