{"total_weighted_completion_time":18659.0,"deviation_from_earlier_plan":0.0,"total_tardiness":574.0,"objective":24399.0,"gap":0.2751412587428323,"cpu_time":600.040384054184,"n_jobs":40,"n_machines":6,"n_tasks":122,"increment":1}
