{"total_weighted_completion_time":16997.0,"deviation_from_earlier_plan":0.0,"total_tardiness":400.0,"objective":20997.0,"gap":0.3205901713889581,"cpu_time":600.0222630500793,"n_jobs":50,"n_machines":12,"n_tasks":154,"increment":2}
