{"total_weighted_completion_time":19059.0,"deviation_from_earlier_plan":0.0,"total_tardiness":3076.0,"objective":49819.0,"gap":0.43611874987454585,"cpu_time":598.7369680404663,"n_jobs":50,"n_machines":12,"n_tasks":155,"increment":2}
