{"total_weighted_completion_time":21292.0,"deviation_from_earlier_plan":0.0,"total_tardiness":0.0,"objective":21292.0,"gap":0.08214352808566598,"cpu_time":599.6265404224396,"n_jobs":40,"n_machines":6,"n_tasks":119,"increment":1}
