{"total_weighted_completion_time":21336.0,"deviation_from_earlier_plan":0.0,"total_tardiness":784.0,"objective":29176.0,"gap":0.3464433123875093,"cpu_time":600.0324239730835,"n_jobs":40,"n_machines":6,"n_tasks":118,"increment":1}
