{"total_weighted_completion_time":21139.0,"deviation_from_earlier_plan":0.0,"total_tardiness":6957.0,"objective":90709.0,"gap":0.7843874367482829,"cpu_time":598.4072604179382,"n_jobs":40,"n_machines":12,"n_tasks":121,"increment":2}
