{"total_weighted_completion_time":4768.0,"deviation_from_earlier_plan":0.0,"total_tardiness":9936.0,"objective":104128.0,"gap":2.73000273000273E-5,"cpu_time":0.15183806419372559,"n_jobs":13,"n_machines":12,"n_tasks":36,"increment":2}
