{"total_weighted_completion_time":20791.0,"deviation_from_earlier_plan":0.0,"total_tardiness":0.0,"objective":20791.0,"gap":0.04309557019864364,"cpu_time":599.1450200080872,"n_jobs":40,"n_machines":6,"n_tasks":113,"increment":2}
