{"total_weighted_completion_time":17710.0,"deviation_from_earlier_plan":0.0,"total_tardiness":11840.0,"objective":136110.0,"gap":5.363309088237455E-4,"cpu_time":597.8669166564941,"n_jobs":30,"n_machines":6,"n_tasks":93,"increment":2}
