{"total_weighted_completion_time":17601.0,"deviation_from_earlier_plan":0.0,"total_tardiness":33732.0,"objective":354921.0,"gap":0.2545430539309295,"cpu_time":600.0094249248505,"n_jobs":40,"n_machines":12,"n_tasks":121,"increment":2}
