{"total_weighted_completion_time":18976.0,"deviation_from_earlier_plan":0.0,"total_tardiness":0.0,"objective":18976.0,"gap":0.041981528127623846,"cpu_time":16.004305839538574,"n_jobs":16,"n_machines":6,"n_tasks":53,"increment":1}
