{"total_weighted_completion_time":10852.0,"deviation_from_earlier_plan":0.0,"total_tardiness":0.0,"objective":10852.0,"gap":0.008008736803785948,"cpu_time":16.00813579559326,"n_jobs":16,"n_machines":6,"n_tasks":46,"increment":1}
