{"total_weighted_completion_time":10228.0,"deviation_from_earlier_plan":0.0,"total_tardiness":0.0,"objective":10228.0,"gap":0.007751937984496124,"cpu_time":19.005633115768433,"n_jobs":16,"n_machines":6,"n_tasks":51,"increment":2}
