{"total_weighted_completion_time":1535.6615903447844,"deviation_from_earlier_plan":0.0,"total_tardiness":1749.890474405652,"objective":9030.260757469874,"n_jobs":5,"n_machines":10,"n_tasks":17}
