{"total_weighted_completion_time":10702.0,"deviation_from_earlier_plan":0.0,"total_tardiness":3891.0,"objective":49612.0,"gap":0.14859308231879384,"cpu_time":600.0083899497986,"n_jobs":30,"n_machines":6,"n_tasks":93,"increment":1}
