{"total_weighted_completion_time":22506.0,"deviation_from_earlier_plan":0.0,"total_tardiness":26.0,"objective":22766.0,"gap":0.13450363688081596,"cpu_time":600.012843132019,"n_jobs":50,"n_machines":12,"n_tasks":150,"increment":2}
