{"total_weighted_completion_time":12721.0,"deviation_from_earlier_plan":0.0,"total_tardiness":714.0,"objective":19861.0,"gap":7.598206823189727E-5,"cpu_time":52.2813880443573,"n_jobs":40,"n_machines":12,"n_tasks":113,"increment":2}
