{"total_weighted_completion_time":54066.0,"deviation_from_earlier_plan":0.0,"total_tardiness":2365268.0,"objective":2.3706746E7,"gap":0.999572924472436,"cpu_time":600.011855840683,"n_jobs":50,"n_machines":6,"n_tasks":155,"increment":1}
