{"total_weighted_completion_time":34453.0,"deviation_from_earlier_plan":0.0,"total_tardiness":0.0,"objective":34453.0,"gap":0.051635561489565496,"cpu_time":598.4847559928894,"n_jobs":50,"n_machines":6,"n_tasks":150,"increment":2}
