{"total_weighted_completion_time":20289.0,"deviation_from_earlier_plan":0.0,"total_tardiness":16.0,"objective":20449.0,"gap":0.02772751723800675,"cpu_time":598.6356148719788,"n_jobs":40,"n_machines":6,"n_tasks":113,"increment":1}
