{"total_weighted_completion_time":13840.0,"deviation_from_earlier_plan":0.0,"total_tardiness":0.0,"objective":13840.0,"gap":0.027995520716685332,"cpu_time":16.00428295135498,"n_jobs":16,"n_machines":6,"n_tasks":48,"increment":2}
