{"total_weighted_completion_time":28936.0,"deviation_from_earlier_plan":0.0,"total_tardiness":2267.0,"objective":51606.0,"gap":0.48403230045027784,"cpu_time":46.89670991897583,"n_jobs":50,"n_machines":6,"n_tasks":154,"increment":2}
