{"total_weighted_completion_time":4320.0,"deviation_from_earlier_plan":0.0,"total_tardiness":9084.0,"objective":95160.0,"gap":9.748013842179656E-5,"cpu_time":0.8780128955841064,"n_jobs":13,"n_machines":12,"n_tasks":38,"increment":2}
