{"total_weighted_completion_time":14518.0,"deviation_from_earlier_plan":0.0,"total_tardiness":17001.0,"objective":184528.0,"gap":9.754617185467789E-5,"cpu_time":438.72579622268677,"n_jobs":40,"n_machines":12,"n_tasks":118,"increment":2}
