{"total_weighted_completion_time":18856.0,"deviation_from_earlier_plan":0.0,"total_tardiness":2396.0,"objective":42816.0,"gap":0.06866168496293933,"cpu_time":600.0344579219818,"n_jobs":40,"n_machines":12,"n_tasks":118,"increment":1}
