{"total_weighted_completion_time":4959.385414668061,"deviation_from_earlier_plan":0.0,"total_tardiness":3369.056696408704,"objective":31569.96308060951,"n_jobs":15,"n_machines":7,"n_tasks":45}
