{"total_weighted_completion_time":18100.0,"deviation_from_earlier_plan":0.0,"total_tardiness":12704.0,"objective":145140.0,"gap":7.543751122513411E-5,"cpu_time":228.65678882598877,"n_jobs":30,"n_machines":6,"n_tasks":93,"increment":2}
