{"total_weighted_completion_time":14558.0,"deviation_from_earlier_plan":0.0,"total_tardiness":18878.0,"objective":203338.0,"gap":0.11586814029985877,"cpu_time":600.0108778476715,"n_jobs":40,"n_machines":12,"n_tasks":118,"increment":1}
