{"total_weighted_completion_time":26910.0,"deviation_from_earlier_plan":0.0,"total_tardiness":2784.0,"objective":54750.0,"gap":0.18995433789954339,"cpu_time":598.8106732368469,"n_jobs":40,"n_machines":6,"n_tasks":121,"increment":1}
