{"total_weighted_completion_time":8927.0,"deviation_from_earlier_plan":0.0,"total_tardiness":21016.0,"objective":219087.0,"gap":8.933176577255328E-5,"cpu_time":66.60581564903259,"n_jobs":30,"n_machines":12,"n_tasks":82,"increment":2}
