{"total_weighted_completion_time":34516.0,"deviation_from_earlier_plan":0.0,"total_tardiness":660.0,"objective":41116.0,"gap":0.021168061579815507,"cpu_time":600.0098822116852,"n_jobs":50,"n_machines":6,"n_tasks":150,"increment":5}
