{"total_weighted_completion_time":24072.0,"deviation_from_earlier_plan":0.0,"total_tardiness":1977.0,"objective":43842.0,"gap":0.535240180648693,"cpu_time":599.0783808231354,"n_jobs":50,"n_machines":12,"n_tasks":155,"increment":1}
