{"total_weighted_completion_time":14347.0,"deviation_from_earlier_plan":0.0,"total_tardiness":12189.0,"objective":136237.0,"gap":9.506335009694524E-5,"cpu_time":223.30491590499878,"n_jobs":30,"n_machines":6,"n_tasks":82,"increment":1}
