{"total_weighted_completion_time":34563.0,"deviation_from_earlier_plan":0.0,"total_tardiness":0.0,"objective":34563.0,"gap":0.03755671315745253,"cpu_time":600.0204138755798,"n_jobs":50,"n_machines":6,"n_tasks":150,"increment":2}
