{"total_weighted_completion_time":28261.0,"deviation_from_earlier_plan":0.0,"total_tardiness":2101.0,"objective":49271.0,"gap":0.19250674839154877,"cpu_time":598.6749181747437,"n_jobs":50,"n_machines":6,"n_tasks":154,"increment":2}
