{"total_weighted_completion_time":18545.0,"deviation_from_earlier_plan":0.0,"total_tardiness":574.0,"objective":24285.0,"gap":0.030430108023187484,"cpu_time":598.9022707939148,"n_jobs":40,"n_machines":6,"n_tasks":122,"increment":2}
