{"total_weighted_completion_time":22603.0,"deviation_from_earlier_plan":0.0,"total_tardiness":10304.0,"objective":125643.0,"gap":0.7642078070684408,"cpu_time":600.0398008823395,"n_jobs":50,"n_machines":12,"n_tasks":150,"increment":2}
