{"total_weighted_completion_time":12487.0,"deviation_from_earlier_plan":0.0,"total_tardiness":624.0,"objective":18727.0,"gap":0.001815560420782827,"cpu_time":598.129940032959,"n_jobs":40,"n_machines":12,"n_tasks":122,"increment":1}
