{"total_weighted_completion_time":29529.0,"deviation_from_earlier_plan":0.0,"total_tardiness":0.0,"objective":29529.0,"gap":0.054285617528531276,"cpu_time":599.9148309230804,"n_jobs":50,"n_machines":6,"n_tasks":146,"increment":2}
