{"total_weighted_completion_time":20354.0,"deviation_from_earlier_plan":0.0,"total_tardiness":150.0,"objective":21854.0,"gap":0.04649054649077949,"cpu_time":600.0180430412292,"n_jobs":40,"n_machines":12,"n_tasks":121,"increment":2}
