{"total_weighted_completion_time":18262.0,"deviation_from_earlier_plan":0.0,"total_tardiness":9.0,"objective":18352.0,"gap":0.11947833403449727,"cpu_time":600.0081658363342,"n_jobs":40,"n_machines":12,"n_tasks":121,"increment":2}
