instance,#jobs,#machines,increment,#Varibles,final time point,Weighted Completion Time,Total Deviation,Weighted Total Tardiness,Objective Value,Gap,Cpu Time
0,40,12,1,55418,228,19303.000000,0.000000,3258.000000,51883.000000,0.625913,600.030266
0,40,12,2,27830,228,20354.000000,0.000000,150.000000,21854.000000,0.046491,600.011817
0,40,12,5,11132,228,19505.000000,0.000000,4305.000000,62555.000000,0.000000,37.266183
0,50,12,1,97800,325,27756.000000,0.000000,163003.000000,1657786.000000,0.992071,600.118899
0,50,12,2,48900,325,30556.000000,0.000000,905.000000,39606.000000,0.380167,600.045249
0,50,12,5,19800,325,25864.000000,0.000000,3508.000000,60944.000000,0.014909,600.014606
