{"total_weighted_completion_time":28001.0,"deviation_from_earlier_plan":0.0,"total_tardiness":2092.0,"objective":48921.0,"gap":0.3623392816990658,"cpu_time":599.1339707374573,"n_jobs":50,"n_machines":6,"n_tasks":154,"increment":1}
