{"total_weighted_completion_time":14518.0,"deviation_from_earlier_plan":0.0,"total_tardiness":17001.0,"objective":184528.0,"gap":9.75461718649287E-5,"cpu_time":310.8935561180115,"n_jobs":40,"n_machines":12,"n_tasks":118,"increment":1}
