{"total_weighted_completion_time":14485.0,"deviation_from_earlier_plan":0.0,"total_tardiness":0.0,"objective":14485.0,"gap":0.0791902940788606,"cpu_time":600.0075860023499,"n_jobs":40,"n_machines":12,"n_tasks":122,"increment":2}
