{"total_weighted_completion_time":7732.0,"deviation_from_earlier_plan":0.0,"total_tardiness":703.0,"objective":14762.0,"gap":0.010228966264806343,"cpu_time":600.0124881267548,"n_jobs":30,"n_machines":12,"n_tasks":93,"increment":1}
