{"total_weighted_completion_time":42017.0,"deviation_from_earlier_plan":0.0,"total_tardiness":1481.0,"objective":56827.0,"gap":0.5000568011569515,"cpu_time":600.0511240959167,"n_jobs":50,"n_machines":6,"n_tasks":150,"increment":1}
