{"total_weighted_completion_time":12010.0,"deviation_from_earlier_plan":0.0,"total_tardiness":33517.0,"objective":347180.0,"gap":0.3395494275655136,"cpu_time":600.0232670307159,"n_jobs":30,"n_machines":12,"n_tasks":93,"increment":1}
