{"total_weighted_completion_time":18960.0,"deviation_from_earlier_plan":0.0,"total_tardiness":0.0,"objective":18960.0,"gap":0.017114914425427872,"cpu_time":200.00681495666504,"n_jobs":16,"n_machines":6,"n_tasks":53,"increment":2}
